E700	GlobalNavButton	menu,hamburger,line,three,symbol-icon
E701	Wifi	wireless fidelity,connect,internet,web,connection,network,wlan,lan
E702	Bluetooth	device,connection
E703	Connect	device,connection
E704	InternetSharing	network,wifi,connection,signal,wlan,lan
E705	VPN	shield,privacy,security,lock,protection,secure
E706	Brightness	sun,light,dark
E707	MapPin	location,marker,destination,place,position,symbol-icon
E708	QuietHours	night,moon
E709	Airplane	flight,vehicle,travel
E70A	Tablet	device,screen,physical,watch,view,video,computer,pc
E70B	QuickNote	note,sticky note,sketch,reminder
E70C	RememberedDevice	device,memory,trusted,saved,access
E70D	ChevronDown	arrow,dropdown,direction,expand,contract
E70E	ChevronUp	arrow,dropdown,direction,expand,contract,dropup
E70F	Edit	pencil,update,create,draw,symbol-icon
E710	Add	+,plus,addition,new,symbol-icon
E711	Cancel	x,close,stop,exit,abort,reject,symbol-icon
E712	More	...,dots,overflow,menu,navigation,symbol-icon,options
E713	Settings	gear,options,cog,symbol-icon,configuration
E714	Video	film,clip,media,content,camera,recording,capture,symbol-icon
E715	Mail	envelope,email,delivery,message,letter,symbol-icon
E716	People	person,user,group,team,organization,contact,guest,symbol-icon
E717	Phone	device,mobile,small screen,cellular telephone,apple,android,symbol-icon
E718	Pin	save,share,post,favorite,favourite,symbol-icon
E719	Shop	collection,purchase,retail,cart,online,currency,product,symbol-icon
E71A	Stop	control,playback,start,begin,symbol-icon,media,video,audio
E71B	Link	link,share,web,internet,symbol-icon
E71C	Filter	dropdown,sort,line,symbol-icon
E71D	AllApps	plugin,square,stack,symbol-icon
E71E	Zoom	zoom in,zoom out,magnifying glass,search,symbol-icon
E71F	ZoomOut	zoom in,zoom out,magnifying glass,search,symbol-icon
E720	Microphone	audio,voice,record,sound,speech,symbol-icon
E721	Search	magnifying glass,zoom,inspect,review,symbol-icon
E722	Camera	image,photography,picture,symbol-icon
E723	Attach	image,photography,picture,symbol-icon
E724	Send	paper plane,mail,message,email,symbol-icon
E725	SendFill	paper plane,mail,message,email
E726	WalkSolid	person,user,movement,step,pedestrian,journey,foot,way
E727	InPrivate	private,mode,browser,person
E728	FavoriteList	star,like,favourite
E729	PageSolid	document,file,sheet,paper,text,symbol-icon
E72A	Forward	arrow,next,send,right,proceed,symbol-icon
E72B	Back	arrow,previous,return,left,rewind,symbol-icon
E72C	Refresh	reload,update,restart,circle,sync,symbol-icon
E72D	Share	arrow,square,forward,right,send,symbol-icon
E72E	Lock	private,security,access,protected,safety,permission,protection,secure
E730	ReportHacked	!,security,alert,breach,shield,warning,symbol-icon
E731	EMI	company,building,office,enterprise,corporate,business
E733	Blocked	blocked,cancel,stop
E734	FavoriteStar	star,favorite,favourite,highlight,bookmark,like,symbol-icon
E735	FavoriteStarFill	star,favorite,favourite,highlight,bookmark,like,symbol-icon
E736	ReadingMode	read,list,content,collection,news
E737	Favicon	logo,icon,brand,shortcut,symbol
E738	Remove	-,delete,symbol-icon
E739	Checkbox	selection,check,checkmark
E73A	CheckboxComposite	selection,check,checkmark
E73B	CheckboxFill	selection,check,checkmark
E73C	CheckboxIndeterminate	selection,check,checkmark
E73D	CheckboxCompositeReversed	selection,check,checkmark
E73E	CheckMark	approval,selected
E73F	BackToWindow	arrow,restore,window,return,symbol-icon
E740	FullScreen	arrow,expand,maximize,view,screen,zoom,symbol-icon
E741	ResizeTouchLarger	arrow,expand,grow,touch,increase,size
E742	ResizeTouchSmaller	arrow,shrink,reduce,decrease,minimize,touch
E743	ResizeMouseSmall	drag,resize,adjust,pointer,handle
E744	ResizeMouseMedium	drag,resize,adjust,pointer,handle
E745	ResizeMouseWide	drag,resize,adjust,pointer,handle
E746	ResizeMouseTall	drag,resize,adjust,pointer,handle
E747	ResizeMouseLarge	drag,resize,adjust,pointer,handle
E748	SwitchUser	person,user,switch,profile,account,login
E749	Print	printer,paper,copy,fax,office,ink,symbol-icon
E74A	Up	arrow,increase,rise,symbol-icon
E74B	Down	arrow,decrease,drop
E74C	OEM	brand,manufacturer,original
E74D	Delete	bin,trash,can,remove,edit,byee,symbol-icon
E74E	Save	floppy,disk,device,old,symbol-icon
E74F	Mute	sound,silence,volume,symbol-icon
E750	BackSpaceQWERTY	delete,backward,remove,keyboard
E751	ReturnKey	arrow,enter,submit,keyboard
E752	UpArrowShiftKey	keyboard
E753	Cloud	storage,upload,download,save,sync,remote
E754	Flashlight	torch,lamp
E755	RotationLock	arrow,security,access,protected,safety,permission,access,protection
E756	CommandPrompt	terminal,console,cmd
E759	SIPMove	sip,move
E75A	SIPUndock	sip,undock,redock
E75B	SIPRedock	sip,redock,taskbar,dock
E75C	EraseTool	undo,remove,delete,eraser,rubber
E75D	UnderscoreSpace	separation
E75E	GripperTool	drag,handle
E75F	Dialpad	dots,phone,call,number
E760	PageLeft	arrow,previous,back
E761	PageRight	arrow,next,forward
E762	MultiSelect	checkmark,task,list,type
E763	KeyboardLeftHanded	keyboard,type,key,device
E764	KeyboardRightHanded	keyboard,type,key,device
E765	KeyboardClassic	keyboard,type,key,device,digital,symbol-icon
E766	KeyboardSplit	keyboard,type,key,device
E767	Volume	sound,audio,level,speaker,symbol-icon
E768	Play	control,playback,start,begin,symbol-icon,media,video,audio
E769	Pause	control,playback,freeze,symbol-icon,media,video,audio
E76B	ChevronLeft	arrow,dropdown,direction,expand,contract
E76C	ChevronRight	arrow,dropdown,direction,expand,contract
E76D	InkingTool	pen,edit,create,draw
E76E	Emoji2	face,smiley,emote,feeling,symbol-icon
E76F	GripperBarHorizontal	drag,handle
E770	System	rectangle,shape
E771	Personalize	brush,customize,color,colour
E772	Devices	hardware,connections,peripherals,electronics,gadgets
E773	SearchAndApps	magnifying glass,zoom,inspect,review
E774	Globe	web,world,earth,global,symbol-icon
E775	TimeLanguage	clock,region
E776	EaseOfAccess	person,inclusive
E777	UpdateRestore	arrow,refresh,recover,repair
E778	HangUp	phone,symbol-icon
E779	ContactInfo	person,user,details,symbol-icon
E77A	Unpin	remove,delete,unattach,clear,disengage,symbol-icon
E77B	Contact	person,user,symbol-icon
E77C	Memo	voicemail,tape,playback,audio,recording,message,symbol-icon
E77E	IncomingCall	phone,receive
E77F	Paste	clipboard,copy,memory,symbol-icon
E780	PhoneBook	contacts,directory,list,symbol-icon
E781	LEDLight	light,illuminate
E783	Error	!,exclamation,alert
E784	GripperBarVertical	drag,handle
E785	Unlock	security,access,protected,safety,permission,protection,secure
E786	Slideshow	images,presentation,gallery,photos,show,symbol-icon
E787	Calendar	time,date,planning,symbol-icon
E788	GripperResize	triangle,drag,handle
E789	Megaphone	announcement,shout
E78A	Trim	cut,edit,shorten,clip,crop,symbol-icon
E78B	NewWindow	open,launch,symbol-icon
E78C	SaveLocal	floppy,disk,device,old,symbol-icon
E790	Color	theme,palette,art,edit,paint,colour
E791	DataSense	bars
E792	SaveAs	floppy,disk,device,old
E793	Light	brightness,sun,dark,theme,toggle
E794	Effects	AI,Filters,Visuals,Rendering
E799	AspectRatio	aspect,ratio,size
E7A1	Contrast	contrast,brightness,black,white
E7A5	DataSenseBar	bars
E7A6	Redo	arrow,restore,forward,symbol-icon
E7A7	Undo	arrow,revert,back,cancel,symbol-icon
E7A8	Crop	cut,symbol-icon
E7AA	PhotoCollection	photo,collection,photos,image
E7AC	OpenWith	application,program,associate,file,choose,viewer,symbol-icon
E7AD	Rotate	arrow,edit,create,canvas,horizontal,vertical,flip,symbol-icon
E7B3	RedEye	blink,pupil,show,hide,password
E7B5	SetlockScreen	symbol-icon
E7B7	MapPin2	location,marker,destination,place,position,symbol-icon
E7B8	Package	archive,bundle,file,collection,install
E7BA	Warning	!,alert,exclamation,triangle,issue
E7BC	ReadingList	read,list,content,collection,news
E7BE	Education	learning,knowledge,school,study,college,university,graduation
E7BF	ShoppingCart	collection,purchase,retail,online,currency,product
E7C0	Train	rail,transport,travel,track,station
E7C1	Flag	urgent,important,look,symbol-icon
E7C2	Move	arrow,drag,handle
E7C3	Page	document,file,sheet,paper,text,symbol-icon
E7C4	TaskView	document,file,sheet,paper,text
E7C5	BrowsePhotos	magnifying glass,zoom,inspect,review,gallery,images,pictures,search,symbol-icon
E7C6	HalfStarLeft	rating,score
E7C7	HalfStarRight	rating,score
E7C8	Record	circle,control,playback,wait,stop,transcribe
E7C9	TouchPointer	arrow,interact,click,hand,symbol-icon
E7DE	LangJPN	language,kanji,japan
E7E3	Ferry	boat,ship,ocean,travel
E7E6	Highlight	marker,edit,draw,focus,symbol-icon
E7E7	ActionCenterNotification	message,alert,reminder,warning,update
E7E8	PowerButton	on,off
E7EA	ResizeTouchNarrower	arrow
E7EB	ResizeTouchShorter	arrow
E7EC	DrivingMode	car
E7ED	RingerSilent	bell,sound,mute,volume
E7EE	OtherUser	person,symbol-icon
E7EF	Admin	elevated,permissions,control,rights,symbol-icon
E7F0	CC	subtitles,text,caption,speech,accessibility,symbol-icon
E7F1	SDCard	storage,memory,external,device
E7F2	CallForwarding	phone,handset,audio
E7F3	SettingsDisplaySound	volume,sound,audio,device,wave,configuration
E7F4	TVMonitor	screen,display,television,view
E7F5	Speakers	audio,sound,volume
E7F6	Headphone	audio,sound,volume,device
E7F7	DeviceLaptopPic	projection,present,presentation,view,slide,lecture
E7F8	DeviceLaptopNoPic	projection,present,presentation,view,slide,lecture
E7F9	DeviceMonitorRightPic	projection,present,presentation,view,slide,lecture
E7FA	DeviceMonitorLeftPic	projection,present,presentation,view,slide,lecture
E7FB	DeviceMonitorNoPic	projection,present,presentation,view,slide,lecture
E7FC	Game	videogame,controller
E7FD	HorizontalTabKey	arrow,keyboard
E800	Nav2DMapView	map,navigation
E802	StreetsideSplitMinimize	view,map
E803	StreetsideSplitExpand	view,map
E804	Car	vehicle,transportation,drive,automobile,road
E805	Walk	person,user,movement,step,pedestrian,journey,foot,way
E806	Bus	vehicle,transportation,public,travel
E809	TiltUp	angle,rotate,elevation
E80A	TiltDown	angle,rotate,elevation
E80B	CallControl	phone,handset,audio
E80C	RotateMapRight	arrow,edit,create,canvas,horizontal,vertical,travel,navigation,flip
E80D	RotateMapLeft	arrow,edit,create,canvas,horizontal,vertical,travel,navigation,flip
E80F	Home	house,safety,location,space,wfh,symbol-icon
E811	ParkingLocation	car,spot,space
E812	MapCompassTop	triangle,up
E813	MapCompassBottom	triangle,down
E814	IncidentTriangle	!,error,warning,alert,exclamation,issue
E815	Touch	finger,tap,gesture,screen,touchscreen
E816	MapDirections	travel,navigation
E819	StartPoint	map,travel,navigation
E81A	StopPoint	map,travel,navigation
E81B	EndPoint	flag,map,travel,navigation
E81C	History	clock,time,arrow,back,undo,recent,circle
E81D	Location	pin,marker,map,travel
E81E	MapLayers	travel,navigation
E81F	Accident	car
E821	Work	bag,handbag,briefcase,office
E822	Construction	person,user,work
E823	Recent	clock,time,history,latest,new,update,symbol-icon
E825	Bank	finance,money,account,deposit,institution
E826	DownloadMap	travel,navigation
E829	InkingToolFill2	draw,paint,sketch
E82A	HighlightFill2	marker,edit,draw,focus
E82B	EraseToolFill	undo,remove,delete,eraser,rubber
E82C	EraseToolFill2	undo,remove,delete,eraser,rubber
E82D	Dictionary	book,reference
E82E	DictionaryAdd	+,plus,book,reference
E82F	ToolTip	light,lightbulb,light,illuminate,knowledge,smart,idea
E830	ChromeBack	arrow,back,navigate,browser
E835	ProvisioningPackage	configuration,settings,configuration
E836	AddRemoteDevice	connect,remote,pair
E838	FolderOpen	collection,directory,file,storage
E839	Ethernet	cable,network,connection,wired,internet
E83A	ShareBroadband	arrow
E83B	DirectAccess	direct,access,database
E83C	DialUp	phone,call,number
E83D	DefenderApp	shield,security,protection,safety
E83E	BatteryCharging9	charge,power
E83F	Battery10	charge,power
E840	Pinned	save,share,post,favorite,favourite
E841	PinFill	save,share,post,favorite,favourite
E842	PinnedFill	save,share,post,favorite,favourite
E843	PeriodKey	dot,keyboard,punctuation
E844	PuncKey	symbol,keyboard,punctuation
E845	RevToggleKey	arrow,reverse,keyboard
E846	RightArrowKeyTime1	navigate,forward,progress
E847	RightArrowKeyTime2	navigate,forward,progress
E848	LeftQuote	opening,text,symbol,mark
E849	RightQuote	ending,text,symbol,mark
E84A	DownShiftKey	abc,lowercase
E84B	UpShiftKey	abc,uppercase
E84C	PuncKey0	symbol,keyboard,punctuation
E84D	PuncKeyLeftBottom	symbol,keyboard,punctuation
E84E	RightArrowKeyTime3	navigate,forward,progress
E84F	RightArrowKeyTime4	navigate,forward,progress
E850	Battery0	charge,power
E851	Battery1	charge,power
E852	Battery2	charge,power
E853	Battery3	charge,power
E854	Battery4	charge,power
E855	Battery5	charge,power
E856	Battery6	charge,power
E857	Battery7	charge,power
E858	Battery8	charge,power
E859	Battery9	charge,power
E85A	BatteryCharging0	power
E85B	BatteryCharging1	power
E85C	BatteryCharging2	power
E85D	BatteryCharging3	power
E85E	BatteryCharging4	power
E85F	BatteryCharging5	power
E860	BatteryCharging6	power
E861	BatteryCharging7	power
E862	BatteryCharging8	power
E863	BatterySaver0	charge,power,eco friendly
E864	BatterySaver1	charge,power,eco friendly
E865	BatterySaver2	charge,power,eco friendly
E866	BatterySaver3	charge,power,eco friendly
E867	BatterySaver4	charge,power,eco friendly
E868	BatterySaver5	charge,power,eco friendly
E869	BatterySaver6	charge,power,eco friendly
E86A	BatterySaver7	charge,power,eco friendly
E86B	BatterySaver8	charge,power,eco friendly
E86C	SignalBars1	network,connection
E86D	SignalBars2	network,connection
E86E	SignalBars3	network,connection
E86F	SignalBars4	network,connection
E870	SignalBars5	network,connection
E871	SignalNotConnected	network,connection
E872	Wifi1	wireless fidelity,connect,internet,web,connection,network,wlan,lan
E873	Wifi2	wireless fidelity,connect,internet,web,connection,network,wlan,lan
E874	Wifi3	wireless fidelity,connect,internet,web,connection,network,wlan,lan
E875	MobSIMLock	security,phone,restricted
E876	MobSIMMissing	error,phone,absent
E877	Vibrate	phone,notification,alert,silent,alert
E878	RoamingInternational	triangle
E879	RoamingDomestic	triangle
E87A	CallForwardInternational	triangle
E87B	CallForwardRoaming	triangle
E87C	JpnRomanji	english,Japanese,transliteration,alphabet,language
E87D	JpnRomanjiLock	english,Japanese,transliteration,alphabet,language
E87E	JpnRomanjiShift	english,Japanese,transliteration,alphabet,language
E87F	JpnRomanjiShiftLock	Japanese,transliteration,alphabet,language
E880	StatusDataTransfer	network,connection
E881	StatusDataTransferVPN	secure,network,connection
E882	StatusDualSIM2	number,connection,network
E883	StatusDualSIM2VPN	secure,network,connection
E884	StatusDualSIM1	number,network,connection
E885	StatusDualSIM1VPN	secure,network,connection
E886	StatusSGLTE	network,connection
E887	StatusSGLTECell	phone,network,connection
E888	StatusSGLTEDataVPN	secure,network,connection
E889	StatusVPN	lock,secure,network,connection
E88A	WifiHotspot	connection,network,share,network,wlan,lan
E88B	LanguageKor	korean,transliteration,alphabet,language
E88C	LanguageCht	chinese,transliteration,alphabet,language
E88D	LanguageChs	chinese,transliteration,alphabet,language
E88E	USB	device,universal series bus,storage,drive
E88F	InkingToolFill	draw,paint,sketch
E890	View	vision,see,eye,focus,look,password,symbol-icon
E891	HighlightFill	marker,edit,draw,focus
E892	Previous	control,playback,start,begin,symbol-icon
E893	Next	video,skip,jump,fast forward,play,symbol-icon
E894	Clear	x,close,cancel,delete,remove,exit,symbol-icon
E895	Sync	arrow,update,refresh,sync,refresh,symbol-icon
E896	Download	arrow,file,save,retrieve,transfer,symbol-icon
E897	Help	?,question,support,guide,assistance,info,symbol-icon
E898	Upload	file,send,transfer,cloud,symbol-icon
E899	Emoji	face,smiley,emote,feeling,symbol-icon
E89A	TwoPage	2,document,file,sheet,paper,text,symbol-icon
E89B	LeaveChat	exit,leave,message,conversation,disconnect,symbol-icon
E89C	MailForward	send,arrow,envelope,email,delivery,message,letter,symbol-icon
E89E	RotateCamera	image,photography,picture,flip,switch,direction,symbol-icon
E89F	ClosePane	sidebar,hide,exit,collapse,symbol-icon
E8A0	OpenPane	sidebar,expand,menu,show,symbol-icon
E8A1	PreviewLink	content,block,symbol-icon
E8A2	AttachCamera	image,photography,picture,symbol-icon
E8A3	ZoomIn	zoom out,magnifying glass,search,symbol-icon
E8A4	Bookmarks	read,list,bullet points,formatting,symbol-icon
E8A5	Document	page,file,sheet,paper,text,symbol-icon
E8A6	ProtectedDocument	page,file,sheet,paper,text,secure,lock,symbol-icon
E8A7	OpenInNewWindow	expand,external,launch,view,shortcut
E8A8	MailFill	email,message,symbol-icon
E8A9	ViewAll	list,browse,expand,symbol-icon
E8AA	VideoChat	call,camera,conversation,meeting,connect,symbol-icon
E8AB	Switch	arrow,change,swap,toggle,shift,alternate,symbol-icon
E8AC	Rename	input,text,type,info,ui,box,form,edit,change,modify,label,update,symbol-icon
E8AD	Go	arrow,start,move,launch,begin,symbol-icon
E8AE	SurfaceHub	device,physical,product,screen,touch screen,presentation
E8AF	Remote	cloud,connect,device,symbol-icon
E8B0	Click	pointer,tap,press,select,activate,choose
E8B1	Shuffle	arrow,random,mix,rearrange,order,symbol-icon
E8B2	Movies	cinema,entertainment,video,screen
E8B3	SelectAll	selection,check,checkmark,check multiple,symbol-icon
E8B4	Orientation	rotate,horizontal,vertical,symbol-icon
E8B5	Import	arrow,upload,file,add,transfer,symbol-icon
E8B6	ImportAll	arrow,arrow,upload,file,add,transfer,symbol-icon
E8B7	Folder	collection,directory,file,storage,symbol-icon
E8B8	Webcam	capture,stream,meeting,symbol-icon
E8B9	Picture	image,photo,snapshot,portrait,frame,gallery,canvas,visual,view,symbol-icon
E8BA	Caption	image,photo,snapshot,portrait,frame,gallery,canvas,visual,view,label,text,symbol-icon
E8BB	ChromeClose	x,exit,cancel,shut,dismiss
E8BC	ShowResults	list,bullet points,formatting,display,view,symbol-icon
E8BD	Message	chat,message,text,notification,bubble,symbol-icon
E8BE	Leaf	nature,eco,environment,sustainability,green
E8BF	CalendarDay	time,date,planning,symbol-icon
E8C0	CalendarWeek	time,date,planning,symbol-icon
E8C1	Characters	letters,symbols,alphabet,writing,glyphs,symbol-icon
E8C2	MailReplyAll	envelope,email,delivery,message,respond,letter,symbol-icon
E8C3	Read	mail,envelope,email,delivery,message,letter,symbol-icon
E8C4	ShowBcc	email,recipient,hidden,symbol-icon
E8C5	HideBcc	email,bcc,hide,privacy,recipient,symbol-icon
E8C6	Cut	copy,paste,share,move,transfer,clipboard,clip,edit,trim,divide,scissors,symbol-icon
E8C7	PaymentCard	currency,money,credit card
E8C8	Copy	share,paste,clipboard,symbol-icon
E8C9	Important	!,priority,highlight,urgent,attention,critical,symbol-icon
E8CA	MailReply	envelope,email,delivery,message,respond,letter,symbol-icon
E8CB	Sort	arrow,arrange,order,filter,organize,organise,sequence,symbol-icon
E8CC	MobileTablet	device,screen,physical,watch,view,video,phone
E8CD	DisconnectDrive	remove,unmount,eject,symbol-icon
E8CE	MapDrive	network,connect,link,symbol-icon
E8CF	ContactPresence	status,availability,online,symbol-icon
E8D0	Priority	!,arrow,importance,urgent,priority,focus,high,symbol-icon
E8D1	GotoToday	calendar,date,time,planning,jump,current,symbol-icon
E8D2	Font	text,style,size,lettering,typography,symbol-icon
E8D3	FontColor	text,style,size,lettering,typography,symbol-icon,colour
E8D4	Contact2	person,user,symbol-icon
E8D5	FolderFill	collection,directory,file,storage
E8D6	Audio	music,sound,note,play,symbol-icon
E8D7	Permissions	key,security,password,access,symbol-icon
E8D8	DisableUpdates	arrow,settings,off,pause,symbol-icon,configuration
E8D9	Unfavorite	star,remove,unlike,delete,symbol-icon,unfavourite
E8DA	OpenLocal	folder,directory,file,symbol-icon
E8DB	Italic	text,style,slant,font,emphasis,symbol-icon
E8DC	Underline	text,style,font,emphasis,symbol-icon
E8DD	Bold	text,style,strong,font,emphasis,symbol-icon
E8DE	MoveToFolder	file,organize,transfer,symbol-icon
E8DF	LikeDislike	reaction,feedback,vote,symbol-icon
E8E0	Dislike	thumb,positive,approve,favor,agree,symbol-icon
E8E1	Like	thumb,negative,reject,disapprove,oppose,symbol-icon
E8E2	AlignRight	text,justify,position,symbol-icon
E8E3	AlignCenter	text,justify,position,middle,symbol-icon
E8E4	AlignLeft	text,justify,position,symbol-icon
E8E5	OpenFile	document,page,view,access,symbol-icon
E8E6	ClearSelection	check,checkmark,check multiple,symbol-icon
E8E7	FontDecrease	text,size,smaller,reduce,adjust,symbol-icon
E8E8	FontIncrease	text,size,larger,enlarge,adjust,symbol-icon
E8E9	FontSize	text,adjust,symbol-icon
E8EA	CellPhone	device,mobile,small screen,cellular telephone,apple,android,symbol-icon
E8EB	Reshare	arrow,repost,forward,distribute,spread,symbol-icon
E8EC	Tag	label,price,information,detail,metadata,purchase,sort,symbol-icon
E8ED	RepeatOne	arrow,single,loop,song,track,symbol-icon
E8EE	RepeatAll	arrow,loop,song,track,playlist,continuous,symbol-icon
E8EF	Calculator	math,formulas,add,subtract,multiply,divde,symbol-icon
E8F0	Directions	arrow,symbol-icon
E8F1	Library	books,collection,library,archive,resources,symbol-icon
E8F2	ChatBubbles	message,text,message,conversation,talk
E8F3	PostUpdate	symbol-icon
E8F4	NewFolder	collection,directory,file,storage,plus,new,+,symbol-icon
E8F5	CalendarReply	time,date,planning,symbol-icon
E8F6	UnsyncFolder	collection,directory,file,storage,disconnect,offline,remove,symbol-icon
E8F7	SyncFolder	collection,directory,file,storage,connect,update,refresh,symbol-icon
E8F8	BlockContact	person,user,restrict,privacy,remove,symbol-icon
E8F9	SwitchApps	change,transition,symbol-icon
E8FA	AddFriend	person,user,connect,social,relationship,symbol-icon
E8FB	Accept	check,agree,approve,confirm,approve,symbol-icon
E8FC	GoToStart	home,begin,windows,navigate,symbol-icon
E8FD	BulletedList	organize,items,points,symbol-icon
E8FE	Scan	camera,aperture,image,picture,symbol-icon,scanner
E8FF	Preview	document,preview,view,file,read,page,symbol-icon
E902	Group	person,user,people,team,crowd,community
E904	ZeroBars	no signal,connection,lost,weak,empty,symbol-icon
E905	OneBar	weak signal,connection,low,signal,poor,symbol-icon
E906	TwoBars	signal,connection,fair,moderate,average,symbol-icon
E907	ThreeBars	good signal,connection,strong,stable,high,symbol-icon
E908	FourBars	full signal,excellent,connection,strong,maximum,symbol-icon
E909	World	globe,earth,international,global,symbol-icon
E90A	Comment	chat,message,mention,discussion,symbol-icon
E90B	MusicInfo	musician,art,music,info,song,track,details,symbol-icon
E90C	DockLeft	position,side,panel,symbol-icon
E90D	DockRight	position,side,panel,symbol-icon
E90E	DockBottom	position,side,panel,symbol-icon
E90F	Repair	wrench,tool,fix,restore,correct,symbol-icon
E910	Accounts	@,at,email,address,symbol,communication,symbol-icon
E911	DullSound	dull,sound
E912	Manage	bag,handbag,briefcase,control,organize,administer,oversee,handle,symbol-icon
E913	Street	road,address,location,avenue,way,symbol-icon
E914	Printer3D	design,model,fabricate,technology,create
E915	RadioBullet	dot,circle
E916	Stopwatch	time,clock,timer
E917	Clock	clock,time
E91B	Photo	image,picture,snapshot,portrait,frame,gallery,canvas,visual,view
E91C	ActionCenter	notification,message,settings,control,quick access,system,configuration
E91F	FullCircleMask	shape,round,border
E921	ChromeMinimize	window,shrink,small,collapse,resize
E922	ChromeMaximize	window,expand,full screen,enlarge,width,height,resize,fill,fit
E923	ChromeRestore	window,resize,default,revert
E924	Annotation	cut,edit,scissors,mark,highlight
E925	BackSpaceQWERTYSm	delete,backward,remove,keyboard
E926	BackSpaceQWERTYMd	delete,backward,remove,keyboard
E927	Swipe	gesture,touch screen,mobile,tablet
E928	Fingerprint	scan,security,hand
E929	Handwriting	write,pen,gesture,scribble,draw
E92C	ChromeBackToWindow	arrow,restore,return,minimize
E92D	ChromeFullScreen	arrow,expand,maximize,window,view
E92E	KeyboardStandard	type,key,device,hardware
E92F	KeyboardDismiss	type,key,device,hardware,close,hide,exit
E930	Completed	check,finished,done,achieved,success
E931	ChromeAnnotate	cut,edit,scissors,mark,highlight
E932	Label	edit,tag,identifier,caption,name,marker
E933	IBeam	cursor,text,select,pointer,edit
E934	IBeamOutline	cursor,text,select,pointer,edit
E935	FlickDown	triangle,gesture,swipe,scroll,move
E936	FlickUp	triangle,gesture,swipe,scroll,move
E937	FlickLeft	triangle,gesture,swipe,scroll,navigate
E938	FlickRight	triangle,gesture,swipe,scroll,navigate
E939	FeedbackApp	person,user,review,response,evaluation
E93A	MiniExpand	mini,expand,fullscreen
E93C	MusicAlbum	collection,tracks,playlist
E93E	Streaming	media,live,video,broadcast,online
E943	Code	bracket,slash
E944	ReturnToWindow	arrow,restore,back,minimize
E945	LightningBolt	thunder,energy,power,electricity,shock,storm
E946	Info	information,details,content
E947	CalculatorMultiply	x,math,operation,symbol,arithmetic
E948	CalculatorAddition	+,math,operation,symbol,arithmetic
E949	CalculatorSubtract	-,math,operation,symbol,arithmetic
E94A	CalculatorDivide	/,math,operation,symbol,arithmetic
E94B	CalculatorSquareroot	math,operation,symbol,arithmetic
E94C	CalculatorPercentage	%,math,operation,symbol,arithmetic
E94D	CalculatorNegate	-,math,operation,symbol,arithmetic
E94E	CalculatorEqualTo	=,math,operation,symbol,arithmetic
E94F	CalculatorBackspace	math,operation,symbol,arithmetic
E950	Component	chip,semiconductor,processor,circuit,electronics,technology,hardware
E951	DMC	control,remote,device,access,operate
E952	Dock	device
E953	MultimediaDMS	server,stream,share,content
E954	MultimediaDVR	record,video,tv,capture
E955	MultimediaPMP	player,portable,music,device
E956	PrintfaxPrinterFile	document,page
E957	Sensor	device,measurement,detection,technology,input
E958	StorageOptical	disk,media,drive
E95A	Communications	cast,connect,wifi,share,wlan,lan
E95B	Headset	audio,sound,volume,device,support,help
E95D	Projector	screen,display,project,visual,presentation
E95E	Health	heart,health,medical,care,wellness,fitness
E95F	Wire	plug,electricity,connection,power,cord
E960	Webcam2	camera,capture,stream,meeting
E961	Input	keyboard,mouse,hardware
E962	Mouse	pointer,device,input,click
E963	Smartcard	chip,security,payment
E964	SmartcardVirtual	virtual,security,digital,chip
E965	MediaStorageTower	device,backup
E966	ReturnKeySm	arrow,enter,submit,keyboard
E967	GameConsole	device,entertainment
E968	Network	remote,network adapter,hardware,device
E969	StorageNetworkWireless	remote,data,connection
E96A	StorageTape	cassette,backup,media,archival
E96D	ChevronUpSmall	arrow,direction,navigation
E96E	ChevronDownSmall	arrow,direction,navigation
E96F	ChevronLeftSmall	arrow,direction,navigation
E970	ChevronRightSmall	arrow,direction,navigation
E971	ChevronUpMed	arrow,direction,navigation
E972	ChevronDownMed	arrow,direction,navigation
E973	ChevronLeftMed	arrow,direction,navigation
E974	ChevronRightMed	arrow,direction,navigation
E975	Devices2	hardware,connections,peripherals,electronics,gadgets
E976	ExpandTile	maximize,view,window
E977	PC1	computer,personal,device,desktop,technology
E978	PresenceChicklet	stop,pause,end,cease,interrupt
E979	PresenceChickletVideo	camera,image,photography,picture
E97A	Reply	arrow,respond,answer,return
E97B	SetTile	arrow,symbol-icon
E97C	Type	type,orientation,rotate,square,rectangle
E97D	Korean	language,Korean,hangul,alphabet
E97E	HalfAlpha	letter,character,symbol
E97F	FullAlpha	letter,character,symbol
E980	Key12On	language,Korean,hangul
E981	ChineseChangjie	input,method,characters
E982	QWERTYOn	chinese
E983	QWERTYOff	chinese,english
E984	ChineseQuick	character,language
E985	Japanese	Kanji,character,language
E986	FullHiragana	japanese,character,language
E987	FullKatakana	japanese,character,language
E988	HalfKatakana	japanese,character,language
E989	ChineseBoPoMoFo	character,language
E98A	ChinesePinyin	character,language
E98F	ConstructionCone	warning,caution,barrier
E990	XboxOneConsole	device,videogame,game,symbol-icon
E992	Volume0	sound,audio,level,speaker
E993	Volume1	sound,audio,level,speaker
E994	Volume2	sound,audio,level,speaker
E995	Volume3	sound,audio,level,speaker
E996	BatteryUnknown	charge,power,status
E998	WifiAttentionOverlay	!,warning,wireless fidelity,connect,internet,web,connection,network,wlan,lan
E99A	Robot	automation,machine,technology,AI,Artificial,intelligence
E9A1	TapAndSend	hand,touch,gesture,physical,paper plane,mail,message
E9A3	TextBulletListSquareSparkle	text,bullet,list,square,sparkle,ai
E9A4	TextBulletListSquare	text,bullet,list,square,check
E9A6	FitPage	resize,view,adjust
E9A8	PasswordKeyShow	reveal,security,visibility,protection,access
E9A9	PasswordKeyHide	conceal,security,visibility,protection,access
E9AA	BidiLtr	text,left,direction,language,alignment
E9AB	BidiRtl	text,right,direction,language,alignment
E9AC	ForwardSm	arrow,next,send,right,proceed
E9AD	CommaKey	`,punctuation,symbol,character,keyboard
E9AE	DashKey	-,punctuation,symbol,character,keyboard
E9AF	DullSoundKey	japanese
E9B0	HalfDullSound	japanese
E9B1	RightDoubleQuote	",punctuation,key,symbol,character,keyboard
E9B2	LeftDoubleQuote	",punctuation,key,symbol,character,keyboard
E9B3	PuncKeyRightBottom	.,,
E9B4	PuncKey1	@,&,#,punctuation,symbol,character,keyboard
E9B5	PuncKey2	\,|,/,punctuation,symbol,character,keyboard
E9B6	PuncKey3	+,=,-,punctuation,symbol,character,keyboard
E9B7	PuncKey4	.,*,&,punctuation,symbol,character,keyboard
E9B8	PuncKey5	<,^,>,punctuation,symbol,character,keyboard
E9B9	PuncKey6	~,punctuation,symbol,character,keyboard
E9BA	PuncKey9	:,;,_,punctuation,symbol,character,keyboard
E9BB	PuncKey7	$,Â¥,punctuation,symbol,character,keyboard
E9BC	PuncKey8	x,Ã—,Ã·,math,punctuation,symbol,character,keyboard
E9CA	Frigid	temperature,thermometer,measurement,heat
E9CE	Unknown	?,question,uncertain
E9D2	AreaChart	graph,data,visual,analysis,statistics,representation
E9D5	CheckList	tasks,items,organize,progress,completion
E9D9	Diagnostic	analysis,assessment,evaluation,rate,heart,beat
E9E9	Equalizer	sound,audio,music,volume
E9F3	Process	arrow,workflow,operation
E9F5	Processing	settings,workflow,operation,configuration
E9F9	ReportDocument	summary,file,analysis
EA0C	VideoSolid	camera,image,photography,picture
EA0D	MixedMediaBadge	shield,window
EA14	DisconnectDisplay	screen,monitor,remove
EA18	Shield	security,protection,safety
EA1F	Info2	information,details,content
EA21	ActionCenterAsterisk	*,notification,alert
EA24	Beta	symbol,letter,math
EA35	SaveCopy	floppy,floppy disk,device,old
EA37	List	text,line,view,symbol-icon
EA38	Asterisk	*,star,symbol,wildcard,mark,notation
EA39	ErrorBadge	x,warning,alert,problem,notification
EA3A	CircleRing	shape,geometry
EA3B	CircleFill	shape,geometry
EA3C	MergeCall	arrow,combine,conference,phone
EA3D	PrivateCall	arrow,secure,confidential,phone
EA3F	Record2	circle,control,playback,wait,stop,transcribe
EA40	AllAppsMirrored	plugin,square,stack
EA41	BookmarksMirrored	read,list,bullet points,formatting
EA42	BulletedListMirrored	organize,items,points
EA43	CallForwardInternationalMirrored	triangle
EA44	CallForwardRoamingMirrored	triangle
EA47	ChromeBackMirrored	arrow,back,navigate,browser
EA48	ClearSelectionMirrored	check,checkmark,check multiple
EA49	ClosePaneMirrored	sidebar,hide,exit,collapse
EA4A	ContactInfoMirrored	person,user,details
EA4B	DockRightMirrored	position,side,panel
EA4C	DockLeftMirrored	position,side,panel
EA4E	ExpandTileMirrored	maximize,view,window
EA4F	GoMirrored	arrow,start,move,launch,begin
EA50	GripperResizeMirrored	triangle,drag,handle
EA51	HelpMirrored	?,question,support,guide,assistance,info
EA52	ImportMirrored	arrow,upload,file,add,transfer
EA53	ImportAllMirrored	arrow,upload,file,add,transfer
EA54	LeaveChatMirrored	exit,leave,message,conversation,disconnect
EA55	ListMirrored	text,line,view
EA56	MailForwardMirrored	send,arrow,envelope,email,delivery,message,letter
EA57	MailReplyMirrored	envelope,email,delivery,message,respond,letter
EA58	MailReplyAllMirrored	envelope,email,delivery,message,respond,letter
EA5B	OpenPaneMirrored	sidebar,expand,menu,show
EA5C	OpenWithMirrored	application,program,associate,file,choose,viewer
EA5E	ParkingLocationMirrored	car,spot,space
EA5F	ResizeMouseMediumMirrored	drag,resize,adjust,pointer,handle
EA60	ResizeMouseSmallMirrored	drag,resize,adjust,pointer,handle
EA61	ResizeMouseTallMirrored	drag,resize,adjust,pointer,handle
EA62	ResizeTouchNarrowerMirrored	arrow,drag,resize,adjust,pointer,handle
EA63	SendMirrored	paper plane,mail,message,email
EA64	SendFillMirrored	paper plane,mail,message,email
EA65	ShowResultsMirrored	list,bullet points,formatting,display,view
EA69	Media	audio,video,content,entertainment,streaming
EA6A	SyncError	arrow,!,failure,problem,update
EA6C	Devices3	hardware,connections,peripherals,electronics,gadgets
EA79	SlowMotionOn	playback,video,effect,speed
EA80	Lightbulb	light,illuminate,knowledge,smart,idea,tip
EA81	StatusCircle	indicator,circle,check,signal
EA82	StatusTriangle	indicator,warning,alert
EA83	StatusError	x,problem,failure,alert
EA84	StatusWarning	!,caution,alert,attention
EA85	VolumeDisabled	volume,disabled,audio,speaker
EA86	Puzzle	piece,game,solution,challenge
EA89	CalendarSolid	time,date,planning
EA8A	HomeSolid	house,safety,location,space,wfh
EA8B	ParkingLocationSolid	car,spot,space
EA8C	ContactSolid	person,user,details
EA8D	ConstructionSolid	person,user,work
EA8E	AccidentSolid	car
EA8F	Ringer	bell,notification,alert
EA90	PDF	document,file,portable,format,view
EA91	ThoughtBubble	cloud,idea,concept,conversation
EA92	HeartBroken	love,emotion,sadness,dislike
EA93	BatteryCharging10	power
EA94	BatterySaver9	charge,power,eco friendly
EA95	BatterySaver10	charge,power,eco friendly
EA97	CallForwardingMirrored	phone,handset,audio
EA98	MultiSelectMirrored	checkmark,task,list,type
EA99	Broom	sweep,clean,brush
EAA1	SignalBarsAni1	signal,bars,ani1
EAA2	SignalBarsAni2	signal,bars,ani2
EAA3	SignalBarsAni3	signal,bars,ani3
EAA4	EthernetAni1	ethernet,ani1,internet,connectivity
EAA5	WifiAni1	wifi,ani1,connectivity
EAA8	WifiAni2	wifi,ani2,connectivity
EAAA	EmojiEdit	emoji,edit,smiley
EAAE	SurfaceTypecover	surface,typecover,keyboard
EAB7	ChatSparkle	chat,sparkle,ai
EABB	CellFlowVertical	cell,flow,vertical,wireframe
EABC	WindowsStudioEffects	windows,studio,effects,ai
EABE	PortraitBlur	portrait,blur,filter,photo,video
EAC2	ForwardCall	arrow,phone
EAC7	DesktopLeafTwo	desktop,leaf,two,computer,pc,device,energy
EAD4	Emojiplay	emoji,play
EAD5	EmojiBrush	emoji,brush
EAD6	EyeTracking	eye,tracking,hello,identity
EAD7	EyeTrackingText	eye,tracking,text,identity
EAD8	LiveCaptionsSparkle	live,captions,sparkle,ai
EADF	Trackers	check,monitor,progress,list
EAFC	Market	arrow,stocks,finance,trading,investment
EB05	PieSingle	chart,graph,data,visual,analysis,statistics,representation
EB0F	StockUp	arrow,increase,growth,rise,market
EB11	StockDown	arrow,decrease,decline,fall,market
EB17	MobBatteryUnknownCharging	mob,battery,unknown,charging,empty
EB19	ClicktoDoOff	clickto,do,off,ai,selection
EB1A	BatteryUnknownCharging	battery,unknown,charging,empty
EB1D	ClicktoDo	clickto,do,ai,rectangle,selection
EB25	Glasses2	glasses,read
EB33	StatusSquareOuter	status,square,outer,rectangle
EB34	StatusSquarePause	status,square,pause
EB3B	GenericApp	generic,app,widget,application,title bar,window
EB3C	Design	ruler,triangle,measurement,drafting,geometry,sketch,precision
EB41	Website	web,internet,site,online,page
EB42	Drop	water,liquid,spill,paint
EB44	Radar	signal,tracking,detection,monitoring
EB47	BusSolid	vehicle,transportation,public,travel
EB48	FerrySolid	boat,ship,ocean,travel
EB49	StartPointSolid	map,travel,navigation
EB4A	StopPointSolid	map,travel,navigation
EB4B	EndPointSolid	flag,map,travel,navigation
EB4C	AirplaneSolid	flight,vehicle,travel
EB4D	TrainSolid	rail,transport,travel,track,station
EB4E	WorkSolid	bag,handbag,briefcase,office
EB4F	ReminderFill	light,illuminate,knowledge,smart,idea,tip,alert,notification,task,prompt
EB50	Reminder	light,illuminate,knowledge,smart,idea,tip,alert,notification,task,prompt
EB51	Heart	love,emotion,like
EB52	HeartFill	love,emotion,like
EB55	EthernetError	x,network,connection,cable
EB56	EthernetWarning	!,network,connection,cable
EB57	StatusConnecting1	network,connection,loading
EB58	StatusConnecting2	network,connection,loading
EB59	StatusUnsecure	warning,connection,risk,alert,shield
EB5A	WifiError0	x,connection,failed,network,wlan,lan
EB5B	WifiError1	x,connection,failed,network,wlan,lan
EB5C	WifiError2	x,connection,failed,network,wlan,lan
EB5D	WifiError3	x,connection,failed,network,wlan,lan
EB5E	WifiError4	x,connection,failed,network,wlan,lan
EB5F	WifiWarning0	!,signal,connection,alert,network,wlan,lan
EB60	WifiWarning1	!,signal,connection,alert,network,wlan,lan
EB61	WifiWarning2	!,signal,connection,alert,network,wlan,lan
EB62	WifiWarning3	!,signal,connection,alert,network,wlan,lan
EB63	WifiWarning4	!,signal,connection,alert,network,wlan,lan
EB66	Devices4	hardware,connections,peripherals,electronics,gadgets
EB67	NUIIris	eye,password
EB68	NUIFace	emoji,smiley
EB77	GatewayRouter	network,connection,internet
EB78	SummarizeSparkle	summarize,sparkle,ai
EB7E	EditMirrored	pencil,update,create,draw
EB82	NUIFPStartSlideHand	nuifp,start,slide,hand
EB83	NUIFPStartSlideAction	nuifp,start,slide,action
EB84	NUIFPContinueSlideHand	nuifp,continue,slide,hand
EB85	NUIFPContinueSlideAction	nuifp,continue,slide,action
EB86	NUIFPRollRightHand	nuifp,roll,right,hand
EB87	NUIFPRollRightHandAction	nuifp,roll,right,hand,action
EB88	NUIFPRollLeftHand	nuifp,roll,left,hand
EB89	NUIFPRollLeftAction	nuifp,roll,left,action
EB8A	NUIFPPressHand	nuifp,press,hand
EB8B	NUIFPPressAction	nuifp,press,action
EB8C	NUIFPPressRepeatHand	nuifp,press,repeat,hand
EB8D	NUIFPPressRepeatAction	nuifp,press,repeat,action
EB90	StatusErrorFull	x,problem,failure,alert
EB91	TaskViewExpanded	overview,window
EB95	Certificate	diploma,education,ribbon
EB96	BackSpaceQWERTYLg	delete,backward,remove,keyboard
EB97	ReturnKeyLg	arrow,enter,submit,keyboard
EB9D	FastForward	video,speed,arrow
EB9E	Rewind	control,playback,back
EB9F	Photo2	image,picture,snapshot,portrait,frame,gallery,canvas,visual,view
EBA0	MobBattery0	phone,charge,power
EBA1	MobBattery1	phone,charge,power
EBA2	MobBattery2	phone,charge,power
EBA3	MobBattery3	phone,charge,power
EBA4	MobBattery4	phone,charge,power
EBA5	MobBattery5	phone,charge,power
EBA6	MobBattery6	phone,charge,power
EBA7	MobBattery7	phone,charge,power
EBA8	MobBattery8	phone,charge,power
EBA9	MobBattery9	phone,charge,power
EBAA	MobBattery10	phone,charge,power
EBAB	MobBatteryCharging0	phone,charge,power
EBAC	MobBatteryCharging1	phone,charge,power
EBAD	MobBatteryCharging2	phone,charge,power
EBAE	MobBatteryCharging3	phone,charge,power
EBAF	MobBatteryCharging4	phone,charge,power
EBB0	MobBatteryCharging5	phone,charge,power
EBB1	MobBatteryCharging6	phone,charge,power
EBB2	MobBatteryCharging7	phone,charge,power
EBB3	MobBatteryCharging8	phone,charge,power
EBB4	MobBatteryCharging9	phone,charge,power
EBB5	MobBatteryCharging10	phone,charge,power
EBB6	MobBatterySaver0	phone,charge,power,eco friendly
EBB7	MobBatterySaver1	phone,charge,power,eco friendly
EBB8	MobBatterySaver2	phone,charge,power,eco friendly
EBB9	MobBatterySaver3	phone,charge,power,eco friendly
EBBA	MobBatterySaver4	phone,charge,power,eco friendly
EBBB	MobBatterySaver5	phone,charge,power,eco friendly
EBBC	MobBatterySaver6	phone,charge,power,eco friendly
EBBD	MobBatterySaver7	phone,charge,power,eco friendly
EBBE	MobBatterySaver8	phone,charge,power,eco friendly
EBBF	MobBatterySaver9	phone,charge,power,eco friendly
EBC0	MobBatterySaver10	phone,charge,power,eco friendly
EBC3	DictionaryCloud	book,reference,storage,upload,download,save,sync,remote
EBC4	ResetDrive	storage,reboot,refresh
EBC5	VolumeBars	sound,level,audio
EBC6	Project	present,presentation,view,slide,lecture
EBC8	SystemInPrivate	system,in,private
EBC9	SystemInPrivateFilled	system,in,private,filled
EBD2	AdjustHologram	3D,cube,projection,virtual,illusion,tech,interactive
EBD3	CloudDownload	storage,upload,save,sync,remote
EBD4	MobWifiCallBars	signal,network,wlan,lan
EBD5	MobWifiCall0	bars,signal,network,connection,communication,phone,wlan,lan
EBD6	MobWifiCall1	bars,signal,network,connection,communication,phone,wlan,lan
EBD7	MobWifiCall2	bars,signal,network,connection,communication,phone,wlan,lan
EBD8	MobWifiCall3	bars,signal,network,connection,communication,phone,wlan,lan
EBD9	MobWifiCall4	bars,signal,network,connection,communication,phone,wlan,lan
EBDA	Family	people,person,user
EBDB	LockFeedback	message
EBDE	DeviceDiscovery	search,scan,connect,network,pair
EBE6	WindDirection	weather,compass,forecast,breeze,navigation
EBE7	RightArrowKeyTime0	navigate,forward,progress
EBE8	Bug	error,debug,issue,problem,glitch,software,report,code
EBFC	TabletMode	touchscreen,convertible,device
EBFD	StatusCircleLeft	indicator,progress
EBFE	StatusTriangleLeft	indicator,progress,alert,warning
EBFF	StatusErrorLeft	x,indicator,progress,problem,issue
EC00	StatusWarningLeft	!,indicator,progress,caution,attention
EC02	MobBatteryUnknown	charge,power,status,phone
EC05	NetworkTower	signal,cell,communication,coverage,internet
EC06	CityNext	building,skyline,urban,metropolis,architecture,downtown
EC07	CityNext2	building,skyline,urban,metropolis,architecture,downtown
EC08	Courthouse	law,government,justice,court,legal,building
EC09	Groceries	groceries,bag
EC0A	Sustainable	leaf,green,power,eco friendly,renewable
EC0B	BuildingEnergy	sustainability,efficiency,green,power,eco friendly,renewable
EC11	ToggleFilled	switch,on,active
EC12	ToggleBorder	switch,off,inactive
EC13	SliderThumb	control,handle,adjust
EC14	ToggleThumb	circle,switch,knob,control
EC15	MiracastLogoSmall	wireless,display,screen
EC16	MiracastLogoLarge	wireless,display,screen
EC19	PLAP	lock,key,security,access,safety,permission,access,protection,password
EC1B	Badge	badge,award,achievement,medal,recognition
EC1E	SignalRoaming	triangle,network,coverage,mobile
EC20	MobileLocked	security,phone,device,protection,restricted
EC24	InsiderHubApp	announcement,beta,program,preview,early access
EC25	PersonalFolder	user,documents,files,storage,private,directory
EC26	HomeGroup	network,sharing,devices,chemical,formaldehyde
EC27	MyNetwork	connection,devices,shared,local
EC31	KeyboardFull	keyboard,type,key,device
EC32	Cafe	coffee,cup,restaurant,beverage,break,snack
EC34	FormatText	format,text,font
EC37	MobSignal1	bar,network,coverage,cellular
EC38	MobSignal2	bar,network,coverage,cellular
EC39	MobSignal3	bar,network,coverage,cellular
EC3A	MobSignal4	bar,network,coverage,cellular
EC3B	MobSignal5	bar,network,coverage,cellular
EC3C	MobWifi1	wireless fidelity,connect,internet,web,connection,network,wlan,lan
EC3D	MobWifi2	wireless fidelity,connect,internet,web,connection,network,wlan,lan
EC3E	MobWifi3	wireless fidelity,connect,internet,web,connection,network,wlan,lan
EC3F	MobWifi4	wireless fidelity,connect,internet,web,connection,network,wlan,lan
EC40	MobAirplane	flight,vehicle,travel
EC41	MobBluetooth	device,connection
EC42	MobActionCenter	message,notification
EC43	MobLocation	pin,marker,map,travel
EC44	MobWifiHotspot	connection,network,share,network,wlan,lan
EC45	LanguageJpn	japanese,Kanji,character,language
EC46	MobQuietHours	moon,night
EC47	MobDrivingMode	car
EC48	SpeedOff	disabled,inactive,pause,performance
EC49	SpeedMedium	average,moderate,balance,performance
EC4A	SpeedHigh	fast,quick,maximum,performance
EC4E	ThisPC	computer,device,files,explorer,desktop
EC4F	MusicNote	concert,musician,art,event
EC50	FileExplorer	application,manager,browser,documents,folder
EC51	FileExplorerApp	application,manager,browser,documents,folder
EC52	LeftArrowKeyTime0	navigation,previous,rewind
EC54	MicOff	microphone,mute,audio,silent,disabled
EC55	MicSleep	microphone,audio,idle,standby,inactive
EC56	MicError	x,microphone,audio,issue,fault,problem
EC57	PlaybackRate1x	normal,speed,video,audio,standard
EC58	PlaybackRateOther	normal,speed,video,audio,standard
EC59	CashDrawer	register,money,payment,transaction,pointofsale
EC5A	BarcodeScanner	inventory,product,retail,checkout,pointofsale
EC5B	ReceiptPrinter	paper,receiptpaper,transaction,purchase,sale,pointofsale
EC5C	MagStripeReader	card,payment,swipe,transaction
EC61	CompletedSolid	check,finished,done,achieved,success
EC64	CompanionApp	check
EC6C	Favicon2	logo,icon,brand,shortcut,symbol
EC6D	SwipeRevealArt	swipe,reveal,art
EC71	MicOn	microphone,audio,active,sound,enabled,recording
EC72	MicClipping	microphone,audio,distortion,overload,volume,peak
EC74	TabletSelected	device,touchscreen,display,checked
EC75	MobileSelected	phone,smartphone,device,checked
EC76	LaptopSelected	notebook,device,portable,checked
EC77	TVMonitorSelected	selected,display,screen,checked
EC7A	DeveloperTools	debugging,coding,software
EC7E	MobCallForwarding	phone,handset,audio
EC7F	MobCallForwardingMirrored	phone,handset,audio
EC80	BodyCam	camera,body,recording,security
EC81	PoliceCar	vehicle,emergency,law
EC83	UpdateStatusDot2	update,status,dot2
EC87	Draw	edit,create,pencil
EC88	DrawSolid	edit,create,pencil
EC8A	LowerBrightness	sun,day
EC8F	ScrollUpDown	navigate,vertical,move
EC91	Uninstall	uninstall,app,application
EC92	DateTime	planning
EC94	HoloLens	augmented,reality,mixed,virtual,headset
EC9C	CloudNotSynced	cloud,not,synced,cancel
ECA5	Tiles	grid,layout,dashboard,pattern
ECA7	PartyLeader	person,user,Badge
ECAA	AppIconDefault	application
ECAD	Calories	fire
ECAF	POI	Point,Interest,location,landmark,destination,map
ECB9	BandBattery0	charge,power
ECBA	BandBattery1	charge,power
ECBB	BandBattery2	charge,power
ECBC	BandBattery3	charge,power
ECBD	BandBattery4	charge,power
ECBE	BandBattery5	charge,power
ECBF	BandBattery6	charge,power
ECC4	AddSurfaceHub	+,device,physical,product,screen,touch screen,presentation
ECC5	DevUpdate	arrow,clock,time
ECC6	Unit	ruler
ECC8	AddTo	+,new,create
ECC9	RemoveFrom	-,delete
ECCA	RadioBtnOff	dot,circle
ECCB	RadioBtnOn	dot,circle,selected
ECCC	RadioBullet2	dot,circle
ECCD	ExploreContent	+,discover,browse,navigate
ECE4	Blocked2	-,rejected,ignored,aborted
ECE7	ScrollMode	movement,vertical,navigate
ECE8	ZoomMode	+,-,shrink,scale
ECE9	PanMode	window,view,layout,section
ECF0	WiredUSB	USB,cable,connection,port
ECF1	WirelessUSB	USB,bluetooth,connection,adapter,port
ECF3	USBSafeConnect	USB,secure,connect,protection
ED0C	ActionCenterNotificationMirrored	message,alert,reminder,warning,update
ED0D	ActionCenterMirrored	message,notification,chat
ED0E	SubscriptionAdd	+
ED10	ResetDevice	factoryreset,reboot,restore,restart,settings,configuration
ED11	SubscriptionAddMirrored	+
ED14	QRCode	scanner,barcode,matrix
ED15	Feedback	person,user
ED1A	Hide	eye,password,conceal,view,privacy
ED1E	Subtitles	caption,text,dialogue,speech,language,cc
ED1F	SubtitlesAudio	caption,text,dialogue,speech,language,cc
ED21	RestartUpdate2	restart,update,refresh
ED25	OpenFolderHorizontal	collection,directory,file,storage
ED28	CalendarMirrored	time,date,planning
ED2A	MobeSIM	mobile,network,cellular,status
ED2B	MobeSIMNoProfile	mobile,network,cellular,status
ED2C	MobeSIMLocked	mobile,network,cellular,status
ED2D	MobeSIMBusy	mobile,network,cellular,status
ED2E	SignalError	x,SIM,mobile,network,cellular,status
ED2F	StreamingEnterprise	media,live,video,online,work,business
ED30	Headphone0	audio,sound,volume,device
ED31	Headphone1	audio,sound,volume,device
ED32	Headphone2	audio,sound,volume,device
ED33	Headphone3	audio,sound,volume,device
ED35	Apps	applications
ED37	SearchSparkle	search,sparkle,looking glass
ED39	KeyboardBrightness	keyboard,light,control,adjust
ED3A	KeyboardLowerBrightness	keyboard,light,control,adjust
ED3C	SkipBack10	number,seek,time,navigation,media,video
ED3D	SkipForward30	number,seek,time,navigation,media,video
ED41	TreeFolderFolder	collection,directory,file,storage
ED42	TreeFolderFolderFill	collection,directory,file,storage
ED43	TreeFolderFolderOpen	collection,directory,file,storage
ED44	TreeFolderFolderOpenFill	collection,directory,file,storage
ED47	MultimediaDMP	device,playback,streaming,content,network
ED4C	KeyboardOneHanded	typing,compact,mobile,input,ergonomic
ED4D	Narrator	accessibility,voice,audio,screen,reader,text,assistive
ED53	EmojiTabPeople	face,expressions,emotions,human
ED54	EmojiTabSmilesAnimals	face,smiley,cute,pets,happy
ED55	EmojiTabCelebrationObjects	balloon,party,objects,festive,joy
ED56	EmojiTabFoodPlants	pizza,meals
ED57	EmojiTabTransitPlaces	car,places,travel,locations,journey
ED58	EmojiTabSymbols	shapes,icons,signs,patterns
ED59	EmojiTabTextSmiles	faces,emotions,characters
ED5A	EmojiTabFavorites	clock,saved,liked,common,favourite
ED5B	EmojiSwatch	circle,colors,colours,palette,emoji,design
ED5C	ConnectApp	pair,devices
ED5D	CompanionDeviceFramework	lock,connection,integration
ED5E	Ruler	measure,length,straight,tool,precision
ED5F	FingerInking	touch,draw,handwriting,ink,gesture
ED60	StrokeErase	delete,drawing,line,correction,eraser,rubber
ED61	PointErase	remove,spot,dot,edit,eraser,rubber
ED62	ClearAllInk	reset,erase,drawing,eraser,rubber
ED63	Pencil	write,draw,sketch,tool,creative
ED64	Marker	highlight,color,colour,draw,ink,tool
ED65	InkingCaret	text,cursor,writing
ED66	InkingColorOutline	circle,border,outline,draw,colour
ED67	InkingColorFill	circle,ink,paint,design,colour
EDA2	HardDrive	storage,disk,data,backup,memory
EDA3	NetworkAdapter	connection,Wifi,Ethernet,internet,device,wlan,lan
EDA4	Touchscreen	display,interactive,tablet
EDA5	NetworkPrinter	print,wireless,office,device
EDA6	CloudPrinter	online,remote,document
EDA7	KeyboardShortcut	keys,command
EDA8	BrushSize	draw,tool,paint,editing
EDA9	NarratorForward	accessibility,voice,audio,screen,reader,text,assistive
EDAA	NarratorForwardMirrored	accessibility,voice,audio,screen,reader,text,assistive
EDAB	SyncBadge12	arrow,update,refresh,sync,refresh
EDAC	RingerBadge12	bell,notification,alert
EDAD	AsteriskBadge12	*,star,symbol,wildcard,mark,notation
EDAE	ErrorBadge12	x,warning,alert,problem,notification
EDAF	CircleRingBadge12	shape,geometry
EDB0	CircleFillBadge12	shape,geometry
EDB1	ImportantBadge12	!,priority,highlight,urgent,attention,critical
EDB3	MailBadge12	envelope,email,delivery,message,letter
EDB4	PauseBadge12	control,playback,freeze
EDB5	PlayBadge12	control,playback,start,begin
EDC6	PenWorkspace	inking,drawing,stylus,workspace
EDD5	CaretLeft8	triangle
EDD6	CaretRight8	triangle
EDD7	CaretUp8	triangle
EDD8	CaretDown8	triangle
EDD9	CaretLeftSolid8	triangle
EDDA	CaretRightSolid8	triangle
EDDB	CaretUpSolid8	triangle
EDDC	CaretDownSolid8	triangle
EDE0	Strikethrough	strikethrough,text,font
EDE1	Export	arrow,share,save,transfer,download,output
EDE2	ExportMirrored	arrow,share,save,transfer,download,output
EDE3	ButtonMenu	navigation,hamburger,line,three,options
EDE4	CloudSearch	data,online,storage,magnifying glass,zoom,inspect,review
EDE5	PinyinIMELogo	pinyin,ime,logo
EDFB	CalligraphyPen	writing,ink,art,design,brush,stylus
EE35	ReplyMirrored	arrow,respond,answer,return
EE3F	LockscreenDesktop	desktop,security,privacy
EE40	TaskViewSettings	multitasking,management,configuration
EE41	FullHiraganaPrivateMode	full,hiragana,private,mode,shield
EE42	FullKatakanaPrivateMode	full,katakana,private,mode,shield
EE43	HalfAlphaPrivateMode	half,alpha,private,mode,shield
EE44	HalfKatakanaPrivateMode	half,katakana,private,mode,shield
EE45	FullAlphaPrivateMode	full,alpha,private,mode,shield
EE47	MiniExpand2Mirrored	maximize,maximise,view,minimize,minimise,document
EE49	MiniContract2Mirrored	collapse,view,minimize,minimise,document
EE4A	Play36	control,playback,start,begin
EE56	PenPalette	color,colour,drawing,art
EE57	GuestUser	person,login
EE63	SettingsBattery	power,charge,configuration
EE64	TaskbarPhone	mobile,connect,device
EE65	LockScreenGlance	display,quickview,preview,eye
EE6F	GenericScan	device,document,scanner
EE71	ImageExport	picture,share,save
EE77	WifiEthernet	network,connection,internet,wlan,lan
EE79	ActionCenterQuiet	night,moon
EE7A	ActionCenterQuietNotification	night,moon
EE7E	FIDOPasskey	fido,passkey
EE92	TrackersMirrored	check,monitor,progress,list
EE93	DateTimeMirrored	clock,planning
EE94	Wheel	wheel,database,circle
EE95	StopSolid	stop,solid,square,rectangle,filled
EEA0	RAM	ram,memory,device
EEA1	CPU	cpu,processor
EEA3	VirtualMachineGroup	cloud,computing
EECA	ButtonView2	interface,UI,toggle
EF15	PenWorkspaceMirrored	inking,drawing,stylus,workspace
EF16	PenPaletteMirrored	color,colour,drawing,art
EF17	StrokeEraseMirrored	delete,drawing,line,correction,eraser,rubber
EF18	PointEraseMirrored	remove,spot,dot,edit,eraser,rubber
EF19	ClearAllInkMirrored	reset,erase,drawing,eraser,rubber
EF1F	BackgroundToggle	switch,mode,settings,configuration
EF20	Marquee	capture,screenshot,screen,snapshot,image
EF2C	ChromeCloseContrast	x,exit,cancel,shut,dismiss
EF2D	ChromeMinimizeContrast	-,window,shrink,small,collapse,resize,minimise
EF2E	ChromeMaximizeContrast	window,expand,full screen,enlarge,width,height,resize,fill,fit,maximise
EF2F	ChromeRestoreContrast	window,resize,default,revert
EF31	TrafficLight	signal,control,stop,road
EF3B	Replay	arrow,repeat
EF3C	Eyedropper	color,colour,picker,sample,paint,tool
EF3D	LineDisplay	screen,output,visual,price,checkout,transaction,purchase,receipt
EF3E	PINPad	payment,transaction,security,card
EF3F	SignatureCapture	authentication,verification,agreement,document
EF40	ChipCardCreditCardReader	payment,transaction,secure,banking
EF42	MarketDown	arrow,decrease,decline,fall,stock
EF58	PlayerSettings	person,user,configuration
EF60	TextEdit	text,edit,font
EF6B	LandscapeOrientation	screen,display,view,horizontal,wide
EF90	Flow	movement,stream,direction,process,continuity,sequence,fluid
EF91	PauseDurationVoice	pause,duration,voice,clock,time
EFA5	Touchpad	input,gesture,control,navigation,interface,trackpad,device
EFA9	Speech	person,user,audio,talking
EFDA	AppIconDefaultAdd	app,icon,default,add,application
EFFF	CRMScheduleReports	crm,schedule,reports
F000	KnowledgeArticle	page,document
F003	Relationship	data,link,connection,association,schema,model,structure,dependency
F012	ZipFolder	compress,archive,zip,package,file,storage,extract
F034	Widget	widget,app,card
F035	WidgetGear	widget,gear,settings
F036	WidgetAdd	widget,add
F03D	PasteSparkle	paste,sparkle,ai,clipboard
F03E	AdvancedPaste	advanced,paste,clipboard
F06C	PortraitLight	portrait,light,filter,photo,video
F080	DefaultAPN	network,settings,connection,mobile,provider,internet,configuration
F081	UserAPN	person,network,settings,connection,mobile,provider,internet,configuration
F085	DoublePinyin	alphabet,translation
F08C	BlueLight	brightness,sun,dark
F08D	CaretSolidLeft	triangle
F08E	CaretSolidDown	triangle
F08F	CaretSolidRight	triangle
F090	CaretSolidUp	triangle
F093	ButtonA	button,a,controller,xbox
F094	ButtonB	button,b,controller,xbox
F095	ButtonY	button,y,controller,xbox
F096	ButtonX	button x,controller,xbox
F0AD	ArrowUp8	arrow,up
F0AE	ArrowDown8	arrow,down
F0AF	ArrowRight8	arrow,right
F0B0	ArrowLeft8	arrow,left
F0B2	QuarentinedItems	security,protection,virus,malware,threat,files,safety
F0B3	QuarentinedItemsMirrored	security,protection,virus,malware,threat,files,safety
F0B4	Protractor	measurement,angle,geometry,tool,math
F0B5	ChecklistMirrored	tasks,items,organize,progress,completion
F0B6	StatusCircle7	indicator,circle,check,signal
F0B7	StatusCheckmark7	verification,confirmation,success,approval,completed,done
F0B8	StatusErrorCircle7	x,problem,failure,alert
F0B9	Connected	network,connection,online,linked,paired,access,communication,status
F0C6	PencilFill	write,draw,sketch,tool,creative
F0C7	CalligraphyFill	writing,ink,pen,art,design,brush,stylus
F0CA	QuarterStarLeft	rating,score,evaluation,feedback,review
F0CB	QuarterStarRight	rating,score,evaluation,feedback,review
F0CC	ThreeQuarterStarLeft	rating,score,evaluation,feedback,review
F0CD	ThreeQuarterStarRight	rating,score,evaluation,feedback,review
F0CE	QuietHoursBadge12	moon,night
F0D2	BackMirrored	arrow,previous,return,left,rewind
F0D3	ForwardMirrored	arrow,next,send,right,proceed
F0D5	ChromeBackContrast	arrow,back,navigate,browser
F0D6	ChromeBackContrastMirrored	arrow,back,navigate,browser
F0D7	ChromeBackToWindowContrast	arrow,back,navigate,browser
F0D8	ChromeFullScreenContrast	arrow,expand,maximize,maximise,window,view
F0E2	GridView	layout,design,display,structure,applications,menu,apps,programs
F0E3	ClipboardList	copy,paste,data,items,records
F0E4	ClipboardListMirrored	copy,paste,data,items,records
F0E5	OutlineQuarterStarLeft	rating,score,evaluation,feedback,review
F0E6	OutlineQuarterStarRight	rating,score,evaluation,feedback,review
F0E7	OutlineHalfStarLeft	rating,score,evaluation,feedback,review
F0E8	OutlineHalfStarRight	rating,score,evaluation,feedback,review
F0E9	OutlineThreeQuarterStarLeft	rating,score,evaluation,feedback,review
F0EA	OutlineThreeQuarterStarRight	rating,score,evaluation,feedback,review
F0EB	SpatialVolume0	volume,sound,audio,mute
F0EC	SpatialVolume1	volume,sound,audio,low
F0ED	SpatialVolume2	volume,sound,audio,medium
F0EE	SpatialVolume3	volume,sound,audio,hight
F0EF	ApplicationGuard	defender,shield,security,protection,safety
F0F7	OutlineStarLeftHalf	rating,score,evaluation,feedback,review
F0F8	OutlineStarRightHalf	rating,score,evaluation,feedback,review
F0F9	ChromeAnnotateContrast	rating,score,evaluation,feedback,review
F0FB	DefenderBadge12	shield,security,protection,safety
F103	DetachablePC	device,laptop,tablet,removable,portable,screen
F108	LeftStick	controller,gamepad,joystick,input,navigation,buttons,gaming
F109	RightStick	controller,gamepad,joystick,input,navigation,buttons,gaming
F10A	TriggerLeft	controller,gamepad,joystick,input,navigation,buttons,gaming
F10B	TriggerRight	controller,gamepad,joystick,input,navigation,buttons,gaming
F10C	BumperLeft	controller,gamepad,joystick,input,navigation,buttons,gaming
F10D	BumperRight	controller,gamepad,joystick,input,navigation,buttons,gaming
F10E	Dpad	controller,gamepad,joystick,input,navigation,buttons,gaming
F110	EnglishPunctuation	symbol,character,keyboard
F111	ChinesePunctuation	symbol,character,keyboard
F112	ReadOutLoud	read,out,loud
F117	ProjectToDevice	project,device,share,screen
F119	HMD	headset,VR,virtual,display,device
F11B	CtrlSpatialRight	ctrl,spatial,right,controller
F120	TaskManagerApp	task,manager,app,performance
F126	PaginationDotOutline10	circle
F127	PaginationDotSolid10	circle
F128	StrokeErase2	delete,drawing,line,correction,eraser,rubber
F129	SmallErase	delete,drawing,correction,eraser,rubber
F12A	LargeErase	delete,drawing,correction,eraser,rubber
F12B	FolderHorizontal	collection,directory,file,storage
F12E	MicrophoneListening	audio,active,sound,enabled,recording
F12F	StatusExclamationCircle7	!,indicator,progress,caution,attention
F131	Video360	immersive,VR,panorama
F133	GiftboxOpen	present,unpack
F136	StatusCircleOuter	status,circle,outer,filled
F137	StatusCircleInner	status,circle,inner,filled
F138	StatusCircleRing	status,circle,ring
F139	StatusTriangleOuter	status,triangle,outer,filled
F13A	StatusTriangleInner	status,triangle,inner,filled
F13B	StatusTriangleExclamation	!,indicator,progress,caution,attention
F13C	StatusCircleExclamation	!,indicator,progress,caution,attention
F13D	StatusCircleErrorX	x,problem,failure,alert
F13E	StatusCircleCheckmark	verification,confirmation,success,approval,completed,done
F13F	StatusCircleInfo	information,details,content
F140	StatusCircleBlock	restrict,stop,cancel,end
F141	StatusCircleBlock2	restrict
F142	StatusCircleQuestionMark	?,help,support,guide,assistance,info
F143	StatusCircleSync	arrow
F146	Dial1	number
F147	Dial2	number
F148	Dial3	number
F149	Dial4	number
F14A	Dial5	number
F14B	Dial6	number
F14C	Dial7	number
F14D	Dial8	number
F14E	Dial9	number
F14F	Dial10	number
F150	Dial11	number
F151	Dial12	number
F152	Dial13	number
F153	Dial14	number
F154	Dial15	number
F155	Dial16	number
F156	DialShape1	stack,overlap,levels,structure
F157	DialShape2	pyramid,3D,geometry,structure
F158	DialShape3	cube,3D,geometry,block
F159	DialShape4	octahedron,3D,geometry,shape,polygon
F15F	ClosedCaptionsInternational	text,dialogue,speech,language,cc,subtitles
F161	TollSolid	payment,road,fee,bridge
F163	TrafficCongestionSolid	car,jam,road,delay
F164	ExploreContentSingle	+,discover,browse,navigate
F165	CollapseContent	-,shrink,small,hide,resize
F166	CollapseContentSingle	-,shrink,small,hide,resize
F167	InfoSolid	information,details,content
F168	GroupList	items,collection,organization
F169	CaretBottomRightSolidCenter8	triangle
F16A	ProgressRingDots	loading,indicator,status,waiting
F16B	Checkbox14	selection,check,checkmark
F16C	CheckboxComposite14	selection,check,checkmark
F16D	CheckboxIndeterminateCombo14	selection,check,checkmark
F16E	CheckboxIndeterminateCombo	selection,check,checkmark
F175	StatusPause7	halted,interrupted,delay,standby
F178	StatusDiamondOuter	status,diamond,outer
F179	StatusDiamondInner	status,diamond,inner
F17F	CharacterAppearance	font,style,text,lettering,typography
F180	Lexicon	person,user,book
F182	ScreenTime	clock,monitor,usage,device
F191	HeadlessDevice	server,device,remote,management,network
F193	NetworkSharing	printer,folder,connection
F196	Beaker	beaker,test,experiment,lab
F19D	EyeGaze	focus,tracking,vision
F19E	ToggleLeft	switch,off,inactive
F19F	ToggleRight	switch,off,inactive
F1AD	WindowsInsider	program,beta,preview
F1B1	PowerButtonUpdate2	power,button,update,shutdown
F1B9	LassoSparkle	lasso,sparkle,ai,selection
F1BA	SquareSparkle	square,sparkle,ai,selection
F1BB	TextCursor2	text,cursor,mouse
F1BE	Lasso	lasso,selection
F1CB	ChromeSwitch	arrow,change,swap,toggle,shift,alternate
F1CC	ChromeSwitchContast	arrow,change,swap,toggle,shift,alternate
F1D4	TranslateSparkle	translate,sparkle,ai,language
F1D5	RefineSparkle	refine,sparkle,ai,list
F1D6	ReformatSparkle	reformat,sparkle,ai,grid
F1D8	StatusCheckmark	verification,confirmation,success,approval,completed,done
F1D9	StatusCheckmarkLeft	verification,confirmation,success,approval,completed,done
F1E8	LeafTwo	leaf,energy,battery
F207	GridviewGroup	gridview,group,grid,selection
F20C	KeyboardLeftAligned	position,layout,left-align,design
F20D	KeyboardRightAligned	position,layout,right-align,design
F210	KeyboardSettings	preferences,adjust,controls,configuration,customization,configuration
F211	NetworkPhysical	connection,hardware,cable,data,wireless
F22C	IOT	internet,devices,network,automation,sensors,connectivity,smart,chemical,formaldehyde
F22E	UnknownMirrored	?,question,uncertain
F232	GridViewSmall	grid,view,small,square
F246	ViewDashboard	interface,data,visualization,monitoring
F259	ExploitProtectionSettings	security,configuration,defense
F260	KeyboardNarrow	compact,size,layout,space-saving,design
F261	Keyboard12Key	numeric,layout,compact,keypad,numbers
F26B	KeyboardDock	attachment,mount,position,connection,setup
F26C	KeyboardUndock	detachment,release,disconnection,mobile
F26D	KeyboardLeftDock	attachment,position,alignment,setup
F26E	KeyboardRightDock	attachment,position,alignment,setup
F270	Ear	hearing,sound,audio,earphone,listening
F271	PointerHand	cursor,click,select,interaction,gesture,touch
F272	Bullseye	goal,target,objective,achievement,focus,precision,aim,success
F277	ActionFramework	action,framework,ai
F27C	Earbudsingle	earbuds,audio
F27F	HearingAid	hearing,aid
F285	MobSnooze	mob,snooze
F28B	DocumentApproval	page,file,sheet,paper,text,verification,confirmation,success,approval,completed,done
F2A3	MobNotificationBell	mob,notification,bell
F2A5	MobNotificationBellFilled	mob,notification,bell,filled
F2A8	MobSnoozeFilled	mob,snooze,filled
F2B7	LocaleLanguage	region,localization,translation,culture,setting,preferences
F2C7	BulletedList2	bulleted,list
F2C8	BulletedList2Mirrored	bulleted,list,mirrored
F2D9	CirclePause	circle,pause,stop
F305	Restart3	restart,reboot,refresh
F32A	PassiveAuthentication	security,verification,identity,login,access,privacy,checkmark
F353	Emoji4	emoji,add
F354	ColorSolid	palette,theme,colour
F384	NetworkOffline	connection,status,signal
F385	NetworkConnected	connection,status,online,signal
F386	NetworkConnectedCheckmark	connection,status,online,signal
F39B	NFCBadge	nfc,badge,connectivity
F3B1	SignOut	logout,exit,disconnect,leave,account,session,user
F3BF	LikeSolid	like,solid
F3C0	DislikeSolid	dislike,solid
F3CC	StatusInfo	information,details,content
F3CD	StatusInfoLeft	information,details,content
F3E2	NearbySharing	transfer,devices,connect,send,bluetooth
F3E7	CtrlSpatialLeft	ctrl,spatial,left,controller
F404	InteractiveDashboard	interface,data,visualization,monitoring
F405	DeclineCall	phone,reject,phone,communication,hang up,contact
F406	ClippingTool	cut,scissors,crop,capture,screenshot,screen,snapshot,image
F407	RectangularClipping	capture,screenshot,screen,snapshot,image
F408	FreeFormClipping	capture,screenshot,screen,snapshot,image
F413	CopyTo	share,paste,clipboard
F427	IDBadge	person,user
F42F	SpeedHigh2	speed,high,speedometer
F432	BatterySaver	battery,saver
F439	DynamicLock	private,security,access,protected,safety,permission,access,protection
F45E	PenTips	stylus,writing,touch,input,tool
F45F	PenTipsMirrored	stylus,writing,touch,input,tool
F460	HWPJoin	combine,merge,stroke
F461	HWPInsert	insert,add,place,input
F462	HWPStrikeThrough	delete,edit,mark
F463	HWPScratchOut	erase,remove,delete,correction,eraser,rubber
F464	HWPSplit	divide,separate,line
F465	HWPNewLine	enter,continue,paragraph,space
F466	HWPOverwrite	replace,modify,edit,correction
F470	PhoneResumeAlert	phone,resume,alert
F473	MobWifiWarning1	!,connection,network,share,network,wlan,lan
F474	MobWifiWarning2	!,connection,network,share,network,wlan,lan
F475	MobWifiWarning3	!,connection,network,share,network,wlan,lan
F476	MobWifiWarning4	!,connection,network,share,network,alert,exclamation,triangle,issue,wlan,lan
F47F	MicLocationCombo	microphone,audio
F49A	Globe2	world,earth,international,global
F4A5	SpecialEffectSize	stars,shine,twinkle,glitter,sparkle,glow,magic,AI
F4A9	GIF	animation,image,loop,graphic,motion,picture,media
F4AA	Sticker2	emoji,expression,decoration,image,note,sticky,smiley,face
F4BD	Snooze	snooze,alarm,alert,mute
F4BE	SurfaceHubSelected	checked,device,physical,product,screen,touch screen,presentation
F4BF	HoloLensSelected	augmented,reality,mixed,virtual,headset,checked
F4C0	Earbud	sound,audio,music,volume
F4C3	MixVolumes	sound,audio,music,Equalizer
F540	Safe	security,protection,lock,fireproof,valuable,bank
F552	LaptopSecure	protection,shield,security,device,privacy
F56D	PrintDefault	checked,printer,document,settings,paper,output,device,configuration
F56E	PageMirrored	document,file,sheet,paper,text
F56F	LandscapeOrientationMirrored	screen,display,view,horizontal,wide
F570	ColorOff	palette,theme,colour
F571	PrintAllPages	printer,document,settings,paper,output,device,configuration
F572	PrintCustomRange	printer,document,settings,paper,output,device,configuration
F573	PageMarginPortraitNarrow	layout,document,balanced
F574	PageMarginPortraitNormal	layout,document,balanced
F575	PageMarginPortraitModerate	layout,document,balanced
F576	PageMarginPortraitWide	layout,document,balanced
F577	PageMarginLandscapeNarrow	layout,document,balanced
F578	PageMarginLandscapeNormal	layout,document,balanced
F579	PageMarginLandscapeModerate	layout,document,balanced
F57A	PageMarginLandscapeWide	layout,document,balanced
F57B	CollateLandscape	document,pages,layout,orientation,printing
F57C	CollatePortrait	document,pages,layout,orientation,printing
F57D	CollatePortraitSeparated	document,pages,layout,orientation,printing
F57E	DuplexLandscapeOneSided	printing,pages,layout,orientation
F57F	DuplexLandscapeOneSidedMirrored	printing,pages,layout,orientation
F580	DuplexLandscapeTwoSidedLongEdge	printing,pages,layout,orientation
F581	DuplexLandscapeTwoSidedLongEdgeMirrored	printing,pages,layout,orientation
F582	DuplexLandscapeTwoSidedShortEdge	printing,pages,layout,orientation
F583	DuplexLandscapeTwoSidedShortEdgeMirrored	printing,pages,layout,orientation
F584	DuplexPortraitOneSided	printing,pages,layout,orientation
F585	DuplexPortraitOneSidedMirrored	printing,pages,layout,orientation
F586	DuplexPortraitTwoSidedLongEdge	printing,pages,layout,orientation
F587	DuplexPortraitTwoSidedLongEdgeMirrored	printing,pages,layout,orientation
F588	DuplexPortraitTwoSidedShortEdge	printing,pages,layout,orientation
F589	DuplexPortraitTwoSidedShortEdgeMirrored	printing,pages,layout,orientation
F58A	PPSOneLandscape	printing,pages,layout,orientation
F58B	PPSTwoLandscape	printing,pages,layout,orientation
F58C	PPSTwoPortrait	printing,pages,layout,orientation
F58D	PPSFourLandscape	printing,pages,layout,orientation
F58E	PPSFourPortrait	pages,printing,layout,orientation
F58F	HolePunchOff	pages,printing,layout,orientation
F590	HolePunchPortraitLeft	binding,document,paper,office
F591	HolePunchPortraitRight	binding,document,paper,office
F592	HolePunchPortraitTop	binding,document,paper,office
F593	HolePunchPortraitBottom	binding,document,paper
F594	HolePunchLandscapeLeft	binding,document,paper
F595	HolePunchLandscapeRight	binding,document,paper
F596	HolePunchLandscapeTop	binding,document,paper
F597	HolePunchLandscapeBottom	binding,document,paper
F598	StaplingOff	binding,document,paper
F599	StaplingPortraitTopLeft	binding,document,paper
F59A	StaplingPortraitTopRight	binding,document,paper
F59B	StaplingPortraitBottomRight	binding,document,paper
F59C	StaplingPortraitTwoLeft	binding,document,paper
F59D	StaplingPortraitTwoRight	binding,document,paper
F59E	StaplingPortraitTwoTop	binding,document,paper
F59F	StaplingPortraitTwoBottom	binding,document,paper
F5A0	StaplingPortraitBookBinding	binding,document,paper
F5A1	StaplingLandscapeTopLeft	binding,document,paper
F5A2	StaplingLandscapeTopRight	binding,document,paper
F5A3	StaplingLandscapeBottomLeft	binding,document,paper
F5A4	StaplingLandscapeBottomRight	binding,document,paper
F5A5	StaplingLandscapeTwoLeft	binding,document,paper
F5A6	StaplingLandscapeTwoRight	binding,document,paper
F5A7	StaplingLandscapeTwoTop	binding,document,paper
F5A8	StaplingLandscapeTwoBottom	binding,document,paper
F5A9	StaplingLandscapeBookBinding	binding,document,paper
F5AA	StatusDataTransferRoaming	connection,mobile,network,signal
F5AB	MobSIMError	x,problem,failure,alert
F5AC	CollateLandscapeSeparated	document,pages,layout,orientation,printing
F5AD	PPSOnePortrait	printing,pages,layout,orientation
F5AE	StaplingPortraitBottomLeft	binding,document,paper
F5B0	PlaySolid	control,playback,start,begin
F5B4	ShieldLock	shield,lock
F5B5	Chess	chess,game
F5CA	POILocationFound	poi,location,found
F5E7	RepeatOff	arrow,audio,music,playback,control,media
F5ED	Set	configuration,settings,option,control,adjustment
F5EE	SetSolid	configuration,settings,option,control,adjustment
F5EF	FuzzyReading	blurred,unclear,vision,focus,interpretation
F5F2	VerticalBattery0	charge,power
F5F3	VerticalBattery1	charge,power
F5F4	VerticalBattery2	charge,power
F5F5	VerticalBattery3	charge,power
F5F6	VerticalBattery4	charge,power
F5F7	VerticalBattery5	charge,power
F5F8	VerticalBattery6	charge,power
F5F9	VerticalBattery7	charge,power
F5FA	VerticalBattery8	charge,power
F5FB	VerticalBattery9	charge,power
F5FC	VerticalBattery10	charge,power
F5FD	VerticalBatteryCharging0	charge,power
F5FE	VerticalBatteryCharging1	charge,power
F5FF	VerticalBatteryCharging2	charge,power
F600	VerticalBatteryCharging3	charge,power
F601	VerticalBatteryCharging4	charge,power
F602	VerticalBatteryCharging5	charge,power
F603	VerticalBatteryCharging6	charge,power
F604	VerticalBatteryCharging7	charge,power
F605	VerticalBatteryCharging8	charge,power
F606	VerticalBatteryCharging9	charge,power
F607	VerticalBatteryCharging10	charge,power
F608	VerticalBatteryUnknown	charge,power,status
F618	SIMError	problem,connection,mobile,network,issue
F619	SIMMissing	absent,connection,mobile,network,problem
F61A	SIMLock	security,mobile,network,protection,restriction
F61B	eSIM	virtual,SIM,mobile,connection,network,technology
F61C	eSIMNoProfile	missing,mobile,network,connection,problem
F61D	eSIMLocked	security,mobile,network,restriction,protection
F61E	eSIMBusy	active,mobile,network,connection,status
F61F	NoiseCancelation	sound,quiet,audio,filter,technology
F620	NoiseCancelationOff	sound,quiet,audio,filter,technology
F623	MusicSharing	audio,streaming,sound,media,connect
F624	MusicSharingOff	audio,streaming,sound,media,disconnect
F63C	CircleShapeSolid	circle,shape,solid
F657	WifiCallBars	signal,network,connection,communication,wlan,lan
F658	WifiCall0	bars,signal,network,connection,communication,wlan,lan
F659	WifiCall1	bars,signal,network,connection,communication,wlan,lan
F65A	WifiCall2	bars,signal,network,connection,communication,wlan,lan
F65B	WifiCall3	bars,signal,network,connection,communication,wlan,lan
F65C	WifiCall4	bars,signal,network,connection,communication,wlan,lan
F67B	Pen	pen,ink,write
F683	TextSelect	text,select
F684	TextNavigate	text,navigate,pan
F698	PinyinIMELogo2	pinyin,ime
F69B	UserRemove	user,remove,person,cancel
F69E	CHTLanguageBar	input,keyboard,settings,switch,selection,configuration
F6A9	ComposeMode	create,writing,email,message,text,draft
F6B8	ExpressiveInputEntry	heart
F6BA	EmojiTabMoreSymbols	keyboard,expression,characters,emoticons,input
F6C4	PhoneScreen	phone,screen,device,share
F6C5	AlertUrgent	alert,urgent,alarm,notification
F6C6	PhoneDesktop	phone,desktop,pc,computer,device
F6C7	PenSparkle	pen,sparkle,ai,write
F6FA	WebSearch	browser,internet,query,find,explore,online
F712	Kiosk	machine,interactive,self service,display,screen,stand,service
F714	RTTLogo	telecommunication,relay,service,call
F715	VoiceCall	phone,communication,phone,audio,telephone,talk,voicechat
F716	GoToMessage	chat,notification,communication,app,jump,shortcut
F71A	ReturnToCall	arrow,communication,phone,resume,connect,audio,ongoing
F71C	StartPresenting	share,screen,display,show,presentation,startshare
F71D	StopPresenting	share,screen,end,presentation,finish,shareend
F71E	ProductivityMode	focus,efficiency,work,task,performance,organization
F736	WarningSolid	warning,solid,error
F738	SetHistoryStatus	clock,update,record,track,log,change
F739	SetHistoryStatus2	clock,update,record,track,log,change
F73D	Keyboardsettings20	preferences,adjust,controls,configuration,customization
F73E	OneHandedRight20	keyboard,phone,gesture,adjustment,mode,easy
F73F	OneHandedLeft20	keyboard,phone,gesture,adjustment,mode,easy
F740	Split20	keyboard,phone,gesture,adjustment,mode,easy
F741	Full20	keyboard,phone,gesture,adjustment,mode,easy
F742	Handwriting20	pen,input,write,stylus,note,draw,sketch
F743	ChevronLeft20	arrow,direction,navigation
F744	ChevronLeft32	arrow,direction,navigation
F745	ChevronRight20	arrow,direction,navigation
F746	ChevronRight32	arrow,direction,navigation
F760	ShieldTask	shield,task,check
F763	Event12	calendar,date,schedule,meeting,reminder,occasion,activity
F781	MicOff2	microphone,mute,audio,silent,disabled
F785	DeliveryOptimization	network,update,performance,data,speed,efficiency
F78A	CancelMedium	x,close,stop,exit,abort,reject
F78B	SearchMedium	magnifying glass,zoom,inspect,review
F78C	AcceptMedium	check,agree,approve,confirm,approve
F78D	RevealPasswordMedium	security,visibility,protection,access
F7AD	DeleteWord	remove,text,edit,backspace,typing,content
F7AE	DeleteWordFill	remove,text,edit,backspace,typing,content
F7AF	DeleteLines	remove,text,edit,backspace,content,clear
F7B0	DeleteLinesFill	remove,text,edit,backspace,content,clear
F7B1	InstertWords	text,add,edit,content,typing,keyboard
F7B2	InstertWordsFill	text,add,edit,content,typing,keyboard
F7B3	JoinWords	combine,text,merge,edit,content,typing
F7B4	JoinWordsFill	combine,text,merge,edit,content,typing
F7B5	OverwriteWords	text,replace,edit,content,typing,keyboard
F7B6	OverwriteWordsFill	text,replace,edit,content,typing,keyboard
F7B7	AddNewLine	text,insert,edit,content,paragraph
F7B8	AddNewLineFill	text,insert,edit,content,paragraph
F7B9	OverwriteWordsKorean	text,replace,edit,content,typing
F7BA	OverwriteWordsFillKorean	text,replace,edit,content,typing
F7BB	EducationIcon	pencil,write
F7DB	LearningTools	learning,tools,book
F7EC	Task	task,clipboard
F7ED	WindowSnipping	screenshot,capture,image,edit,select,tool
F7EE	VideoCapture	record,camera,film,content,media,capture
F809	StatusSecured	lock,security,protected,safe,encrypted,access
F83B	NarratorApp	accessibility,voice,screen reader,assistive,text to speech,reading
F83D	PowerButtonUpdate	on,off,restart,settings,system,computer,device,configuration
F83E	RestartUpdate	arrow,refresh,system,refresh,reboot,settings,install,software,configuration
F83F	UpdateStatusDot	notification,install,progress,indicator,software
F847	Eject	remove,disk,media,device,hardware,storage,button
F87B	Spelling	check,text,correction,language,grammar,proofreading,editor
F87C	SpellingKorean	check,text,correction,language,grammar,proofreading,editor
F87D	SpellingSerbian	check,text,correction,language,grammar,proofreading,editor
F87E	SpellingChinese	abc,check,text,correction,language,grammar,proofreading,editor
F89A	FolderSelect	file,directory,choose,browse,system,storage
F8A5	SmartScreen	protection,security,filter,safe,web,browser
F8A6	ExploitProtection	security,vulnerability,threat,shield,software,defense
F8AA	AddBold	+,plus,addition,new
F8AB	SubtractBold	-
F8AC	BackSolidBold	arrow,previous,return,left,rewind
F8AD	ForwardSolidBold	arrow,next,send,right,proceed
F8AE	PauseBold	control,playback,freeze
F8AF	ClickSolid	pointer,tap,press,select,activate,choose
F8B0	SettingsSolid	gear,options,cog,configuration
F8B1	MicrophoneSolidBold	audio,voice,record,sound,speech
F8B2	SpeechSolidBold	person,user,audio,talking
F8B3	ClickedOutLoudSolidBold	sound,audio,action,press,interaction,notification
F8B4	CopilotVoice	copilot,voice,ai,microphone,audio
F8C0	VPNOverlay	vpn
F8C1	VPNRoamingOverly	vpn,roaming
F8C2	WifiVPN3	wifi,vpn
F8C3	WifiVPN4	wifi,vpn
F8C4	WifiVPN5	wifi,vpn
F8C5	SignalBarsVPN2	signal,bars,vpn
F8C6	SignalBarsVPN3	signal,bars,vpn
F8C7	SignalBarsVPN4	signal,bars,vpn
F8C8	SignalBarsVPN5	signal,bars,vpn
F8C9	SignalBarsVPNRoaming3	signal,bars,vpn,roaming
F8CA	SignalBarsVPNRoaming4	signal,bars,vpn,roaming
F8CB	SignalBarsVPNRoaming5	signal,bars,vpn,roaming
F8CC	EthernetVPN	ethernet,vpn,internet,computer,pc
